method,rs,attack,psnr,ssim,ber,recovered
LSB,none,none,69.1395,0.9999,0.0,1.0
LSB,none,JPEG q=90,69.1395,0.9999,0.4766,0.0
LSB,none,JPEG q=70,69.1395,0.9999,0.4814,0.0
LSB,none,JPEG q=50,69.1395,0.9999,0.4131,0.0
LSB,none,Gaussian noise s=2,69.1395,0.9999,0.4824,0.0
LSB,none,Gaussian noise s=5,69.1395,0.9999,0.4629,0.0
LSB,none,Resize 0.5x,69.1395,0.9999,0.4717,0.0
LSB,none,Median 3x3,69.1395,0.9999,0.2656,0.0
LSB,none,Blank 25% area,69.1395,0.9999,0.0078,0.25
LSB,RS,none,69.1592,0.9999,0.0,1.0
LSB,RS,JPEG q=90,69.1592,0.9999,0.4775,0.0
LSB,RS,JPEG q=70,69.1592,0.9999,0.4883,0.0
LSB,RS,JPEG q=50,69.1592,0.9999,0.4492,0.0
LSB,RS,Gaussian noise s=2,69.1592,0.9999,0.4854,0.0
LSB,RS,Gaussian noise s=5,69.1592,0.9999,0.478,0.0
LSB,RS,Resize 0.5x,69.1592,0.9999,0.4692,0.0
LSB,RS,Median 3x3,69.1592,0.9999,0.3105,0.0
LSB,RS,Blank 25% area,69.1592,0.9999,0.0435,0.0
DCT,none,none,46.8267,0.9866,0.0,1.0
DCT,none,JPEG q=90,46.8267,0.9866,0.0,1.0
DCT,none,JPEG q=70,46.8267,0.9866,0.0,1.0
DCT,none,JPEG q=50,46.8267,0.9866,0.0,1.0
DCT,none,Gaussian noise s=2,46.8267,0.9866,0.0,1.0
DCT,none,Gaussian noise s=5,46.8267,0.9866,0.0,1.0
DCT,none,Resize 0.5x,46.8267,0.9866,0.001,0.75
DCT,none,Median 3x3,46.8267,0.9866,0.0498,0.25
DCT,none,Blank 25% area,46.8267,0.9866,0.0059,0.25
DCT,RS,none,46.5163,0.9854,0.0,1.0
DCT,RS,JPEG q=90,46.5163,0.9854,0.0,1.0
DCT,RS,JPEG q=70,46.5163,0.9854,0.0,1.0
DCT,RS,JPEG q=50,46.5163,0.9854,0.0,1.0
DCT,RS,Gaussian noise s=2,46.5163,0.9854,0.0,1.0
DCT,RS,Gaussian noise s=5,46.5163,0.9854,0.0044,1.0
DCT,RS,Resize 0.5x,46.5163,0.9854,0.0029,1.0
DCT,RS,Median 3x3,46.5163,0.9854,0.0796,0.25
DCT,RS,Blank 25% area,46.5163,0.9854,0.0469,0.0
DWT,none,none,44.9256,0.9801,0.0,1.0
DWT,none,JPEG q=90,44.9256,0.9801,0.0,1.0
DWT,none,JPEG q=70,44.9256,0.9801,0.0,1.0
DWT,none,JPEG q=50,44.9256,0.9801,0.0,1.0
DWT,none,Gaussian noise s=2,44.9256,0.9801,0.0,1.0
DWT,none,Gaussian noise s=5,44.9256,0.9801,0.0,1.0
DWT,none,Resize 0.5x,44.9256,0.9801,0.0,1.0
DWT,none,Median 3x3,44.9256,0.9801,0.0078,0.75
DWT,none,Blank 25% area,44.9256,0.9801,0.0234,0.0
DWT,RS,none,44.5986,0.9782,0.0,1.0
DWT,RS,JPEG q=90,44.5986,0.9782,0.0,1.0
DWT,RS,JPEG q=70,44.5986,0.9782,0.0,1.0
DWT,RS,JPEG q=50,44.5986,0.9782,0.0,1.0
DWT,RS,Gaussian noise s=2,44.5986,0.9782,0.0,1.0
DWT,RS,Gaussian noise s=5,44.5986,0.9782,0.001,1.0
DWT,RS,Resize 0.5x,44.5986,0.9782,0.002,1.0
DWT,RS,Median 3x3,44.5986,0.9782,0.0215,0.75
DWT,RS,Blank 25% area,44.5986,0.9782,0.0498,0.0
