image,size,channels,method,key,psnr,ssim,repeats,unreliable,embed_s,capacity_bytes
coffee,600x400,3,LSB,key-A,83.3797,1.0,1,0,0.0042,87160
coffee,600x400,3,LSB,key-B,83.7375,1.0,1,0,0.0037,87160
coffee,600x400,3,LSB,key-C,83.2997,1.0,1,0,0.0046,87160
coffee,600x400,3,DCT,key-A,46.6997,0.9899,6,0,0.0508,110
coffee,600x400,3,DCT,key-B,46.6496,0.9897,6,0,0.0519,110
coffee,600x400,3,DCT,key-C,46.7238,0.99,6,0,0.0448,110
coffee,600x400,3,DWT,key-A,44.9362,0.9854,6,0,0.0556,110
coffee,600x400,3,DWT,key-B,44.8724,0.9853,6,0,0.0486,110
coffee,600x400,3,DWT,key-C,44.883,0.9851,6,0,0.064,110
chelsea,451x300,3,LSB,key-A,81.0763,1.0,1,0,0.0021,49129
chelsea,451x300,3,LSB,key-B,81.2924,1.0,1,0,0.0031,49129
chelsea,451x300,3,LSB,key-C,81.2265,1.0,1,0,0.0021,49129
chelsea,451x300,3,DCT,key-A,47.068,0.9925,3,0,0.0363,57
chelsea,451x300,3,DCT,key-B,47.0487,0.9926,3,0,0.0303,57
chelsea,451x300,3,DCT,key-C,46.9838,0.9922,3,0,0.0262,57
chelsea,451x300,3,DWT,key-A,45.3003,0.9896,3,0,0.0355,58
chelsea,451x300,3,DWT,key-B,45.2992,0.9894,3,0,0.0328,58
chelsea,451x300,3,DWT,key-C,45.2732,0.9893,3,0,0.0305,58
rocket,640x427,3,LSB,key-A,84.1294,1.0,1,0,0.004,99248
rocket,640x427,3,LSB,key-B,83.727,1.0,1,0,0.0062,99248
rocket,640x427,3,LSB,key-C,83.5759,1.0,1,0,0.0057,99248
rocket,640x427,3,DCT,key-A,47.0829,0.9851,6,0,0.0918,126
rocket,640x427,3,DCT,key-B,47.0672,0.9851,6,0,0.099,126
rocket,640x427,3,DCT,key-C,47.1383,0.985,6,0,0.0835,126
rocket,640x427,3,DWT,key-A,45.3868,0.9792,6,0,0.0859,126
rocket,640x427,3,DWT,key-B,45.2825,0.9784,6,0,0.0933,126
rocket,640x427,3,DWT,key-C,45.3162,0.9792,6,0,0.0828,126
immunohistochemistry,512x512,3,LSB,key-A,84.1428,1.0,1,0,0.0049,95200
immunohistochemistry,512x512,3,LSB,key-B,83.4325,1.0,1,0,0.006,95200
immunohistochemistry,512x512,3,LSB,key-C,83.9487,1.0,1,0,0.0037,95200
immunohistochemistry,512x512,3,DCT,key-A,46.9859,0.9961,6,0,0.0819,120
immunohistochemistry,512x512,3,DCT,key-B,46.9499,0.9961,6,0,0.1022,120
immunohistochemistry,512x512,3,DCT,key-C,46.9713,0.9961,6,0,0.088,120
immunohistochemistry,512x512,3,DWT,key-A,45.0273,0.9941,6,0,0.092,120
immunohistochemistry,512x512,3,DWT,key-B,45.1754,0.9942,6,0,0.1157,120
immunohistochemistry,512x512,3,DWT,key-C,45.2527,0.9942,6,0,0.1173,120
hubble_deep_field,1000x872,3,LSB,key-A,88.9426,1.0,1,0,0.0137,316720
hubble_deep_field,1000x872,3,LSB,key-B,89.1896,1.0,1,0,0.0138,316720
hubble_deep_field,1000x872,3,LSB,key-C,89.2322,1.0,1,0,0.0228,316720
hubble_deep_field,1000x872,3,DCT,key-A,46.7966,0.9906,24,0,0.3299,471
hubble_deep_field,1000x872,3,DCT,key-B,46.7222,0.9904,24,0,0.2141,471
hubble_deep_field,1000x872,3,DCT,key-C,46.7623,0.9906,24,0,0.2436,471
hubble_deep_field,1000x872,3,DWT,key-A,45.0436,0.9866,24,0,0.2631,471
hubble_deep_field,1000x872,3,DWT,key-B,44.9653,0.9861,24,0,0.3936,471
hubble_deep_field,1000x872,3,DWT,key-C,44.9504,0.9863,24,0,0.2915,471
retina,1411x1411,3,LSB,key-A,92.4486,1.0,1,0,0.0534,723155
retina,1411x1411,3,LSB,key-B,92.8606,1.0,1,0,0.0701,723155
retina,1411x1411,3,LSB,key-C,92.3515,1.0,1,0,0.0635,723155
retina,1411x1411,3,DCT,key-A,46.5271,0.9759,61,0,0.9911,1170
retina,1411x1411,3,DCT,key-B,46.5321,0.976,61,0,0.9209,1170
retina,1411x1411,3,DCT,key-C,46.5754,0.9762,61,0,0.9135,1170
retina,1411x1411,3,DWT,key-A,44.5244,0.9635,61,0,1.1397,1170
retina,1411x1411,3,DWT,key-B,44.4969,0.9632,61,0,1.0314,1170
retina,1411x1411,3,DWT,key-C,44.5342,0.9636,61,0,0.9814,1170
colorwheel,371x370,3,LSB,key-A,81.5594,1.0,1,0,0.0047,49844
colorwheel,371x370,3,LSB,key-B,81.8474,1.0,1,0,0.0023,49844
colorwheel,371x370,3,LSB,key-C,81.7492,1.0,1,0,0.0034,49844
colorwheel,371x370,3,DCT,key-A,46.7476,0.9699,3,0,0.0318,58
colorwheel,371x370,3,DCT,key-B,46.8498,0.9713,3,0,0.0267,58
colorwheel,371x370,3,DCT,key-C,46.815,0.9712,3,0,0.0258,58
colorwheel,371x370,3,DWT,key-A,44.3195,0.96,3,0,0.0306,58
colorwheel,371x370,3,DWT,key-B,44.1932,0.9573,3,0,0.0321,58
colorwheel,371x370,3,DWT,key-C,44.1963,0.9573,3,0,0.03,58
logo,500x500,4,LSB,key-A,84.6478,1.0,1,0,0.0038,90790
logo,500x500,4,LSB,key-B,84.9086,1.0,1,0,0.0058,90790
logo,500x500,4,LSB,key-C,84.7662,1.0,1,0,0.0058,90790
logo,500x500,4,DCT,key-A,47.739,0.9873,6,0,0.1134,114
logo,500x500,4,DCT,key-B,47.7147,0.9873,6,0,0.0933,114
logo,500x500,4,DCT,key-C,47.9155,0.9879,6,0,0.1283,114
logo,500x500,4,DWT,key-A,45.4126,0.9797,6,0,0.1024,117
logo,500x500,4,DWT,key-B,45.4213,0.9799,6,0,0.1245,117
logo,500x500,4,DWT,key-C,45.2706,0.9787,6,0,0.1486,117
black_square,1056x1055,3,LSB,key-A,90.6296,1.0,1,0,0.0294,404652
black_square,1056x1055,3,LSB,key-B,90.6528,1.0,1,0,0.0166,404652
black_square,1056x1055,3,LSB,key-C,90.6296,1.0,1,0,0.0248,404652
black_square,1056x1055,3,DCT,key-A,45.6882,0.9386,32,0,0.2993,616
black_square,1056x1055,3,DCT,key-B,45.7676,0.9401,32,0,0.35,616
black_square,1056x1055,3,DCT,key-C,45.7039,0.9388,32,0,0.3405,616
black_square,1056x1055,3,DWT,key-A,43.3452,0.9206,32,0,0.514,619
black_square,1056x1055,3,DWT,key-B,43.3092,0.9202,32,0,0.5524,619
black_square,1056x1055,3,DWT,key-C,43.3254,0.9207,32,0,0.4082,619
